{"cameraMode":{"drawMode":0,"name":"Shaded","section":"Shading Mode"},"sceneLighting":false,"audioPlay":false,"sceneViewState":{"showFog":true,"showMaterialUpdate":false,"showSkybox":true,"showFlares":true,"showImageEffects":true,"showParticleSystems":true},"in2DMode":false,"pivot":{"x":3.5546135902404787,"y":-8.182120323181153,"z":103.80999755859375},"rotation":{"x":-0.05427829548716545,"y":0.014075527898967266,"z":-0.0007659392431378365,"w":-0.9984321594238281},"size":4.03863000869751,"orthographic":false}