{"cameraMode":{"drawMode":0,"name":"Shaded","section":"Shading Mode"},"sceneLighting":false,"audioPlay":false,"sceneViewState":{"showFog":true,"showMaterialUpdate":false,"showSkybox":true,"showFlares":true,"showImageEffects":true,"showParticleSystems":true},"in2DMode":false,"pivot":{"x":-9.010000228881836,"y":-8.15999984741211,"z":103.80999755859375},"rotation":{"x":-0.09902221709489823,"y":0.049829717725515369,"z":-0.004964972380548716,"w":-0.9938248991966248},"size":4.709289073944092,"orthographic":false}