{"cameraMode":{"drawMode":0,"name":"Shaded","section":"Shading Mode"},"sceneLighting":true,"audioPlay":false,"sceneViewState":{"showFog":true,"showMaterialUpdate":false,"showSkybox":true,"showFlares":true,"showImageEffects":true,"showParticleSystems":true},"in2DMode":false,"pivot":{"x":-4.8236541748046879,"y":1.729438304901123,"z":-10.511873245239258},"rotation":{"x":-0.36636900901794436,"y":-0.030141986906528474,"z":0.011875474825501442,"w":-0.9299063086509705},"size":20.005186080932618,"orthographic":false}