{"cameraMode":{"drawMode":0,"name":"Shaded","section":"Shading Mode"},"sceneLighting":false,"audioPlay":false,"sceneViewState":{"showFog":true,"showMaterialUpdate":false,"showSkybox":true,"showFlares":true,"showImageEffects":true,"showParticleSystems":true},"in2DMode":false,"pivot":{"x":-9.010000228881836,"y":-8.15999984741211,"z":103.80999755859375},"rotation":{"x":-0.1152452751994133,"y":-0.0023684247862547638,"z":0.00028137685148976743,"w":-0.993362545967102},"size":8.622413635253907,"orthographic":false}